{
  "creds": {
    "noiseKey": {
      "private": {
        "type": "Buffer",
        "data": "aOHyIq6Zop+aMs993SMFQcOJBc6bdTGJ9KE2bMkIT1E="
      },
      "public": {
        "type": "Buffer",
        "data": "6CDUBP2xtUvDcnH5M+SZE1SlKWJHVdZP0NGqA3p1Di4="
      }
    },
    "signedIdentityKey": {
      "private": {
        "type": "Buffer",
        "data": "+OjKA5mz1PhqF4jEgWzB8tDw0IMcQHiM0/TcqB6Q8E4="
      },
      "public": {
        "type": "Buffer",
        "data": "cqX2Jx+L5IMjrCgz9qwwgqItMqGnPuBJk2pr2UeKNjI="
      }
    },
    "signedPreKey": {
      "keyPair": {
        "private": {
          "type": "Buffer",
          "data": "KEXpjbFV4d0Yb8VsQ58K1GhKIgel+Iqpb2aZq4poBmU="
        },
        "public": {
          "type": "Buffer",
          "data": "QTRIhMIabGE2VbH4bH1R64iTYqCXx1utJ9uV8nnDjh4="
        }
      },
      "signature": {
        "type": "Buffer",
        "data": "TDd3f22TXin9RxTOd0AyYokQJ+tQr+WzEnHG1h84k48OACO5/wASbCpQCgsPJpYaUFA9RCuGEg2iHEYhiukfAg=="
      },
      "keyId": 1
    },
    "registrationId": 68,
    "advSecretKey": "55+bB3pge1QEExoaVJD8wtIHjRFDQorcvHm0eEc0754=",
    "nextPreKeyId": 31,
    "firstUnuploadedPreKeyId": 31,
    "serverHasPreKeys": true,
    "account": {
      "details": "CKTr8csCEJHjtpUGGAE=",
      "accountSignatureKey": "4QdHjuVIArV7JruSVm8usg+zdTqozAv+rJbkMnVIvRg=",
      "accountSignature": "9HGNwR4hhkYTMBX/SNTa215BISifdIjhkXzMPcRoBEWhFMB+WbLKzduxiyrsU3uneWJLkyDOKI778mzIOTYIBg==",
      "deviceSignature": "VEjZzntpA/SxrPakYV68/1+THk72WnI7+SziX0yovcvtSboy7Y52kLfhkY0d4U2gUQPt8MAeq7LguzJ2Dvg2Cg=="
    },
    "me": {
      "id": "6289509083794:11@s.whatsapp.net",
      "verifiedName": "",
      "name": "Cyber"
    },
    "signalIdentities": [
      {
        "identifier": {
          "name": "6289509083794:11@s.whatsapp.net",
          "deviceId": 0
        },
        "identifierKey": {
          "type": "Buffer",
          "data": "BeEHR47lSAK1eya7klZvLrIPs3U6qMwL/qyW5DJ1SL0Y"
        }
      }
    ],
    "lastAccountSyncTimestamp": 1655550357
  },
  "keys": {
    "preKeys": {
      "1": {
        "private": {
          "type": "Buffer",
          "data": "6GWckLLoT4qPxsx7kySAhu60eQ2cuipVRzt0vOLRykg="
        },
        "public": {
          "type": "Buffer",
          "data": "ov3pV+tH5EszG8ShECI9HjZDNVpSdfFbt0AfnequzS0="
        }
      },
      "2": null,
      "3": {
        "private": {
          "type": "Buffer",
          "data": "OGHly1ASVRwSPVtLg8mh2h4IQjPIof2JR+z8hP+Ylmg="
        },
        "public": {
          "type": "Buffer",
          "data": "Ksm28IXxy/myqK0Q/qTv91ARVfO3voR4Gnj9WYvEFBs="
        }
      },
      "4": {
        "private": {
          "type": "Buffer",
          "data": "eHyDD7uyod8y7raWyQeco557DVyUtFpQRLFQlsmK4Xs="
        },
        "public": {
          "type": "Buffer",
          "data": "CXPqp8WSgmTYYLXnVWmQtyrFcUp8ZYasJeY/sOFiQGg="
        }
      },
      "5": {
        "private": {
          "type": "Buffer",
          "data": "KKTph1Xd7lKnwKW750R5DieIVFebYnwJNQBBPFl3w0Y="
        },
        "public": {
          "type": "Buffer",
          "data": "3yvofcLU6Jh1GHN6EtRQtUXYVhzoP1ZaJESzFbYP8yY="
        }
      },
      "6": {
        "private": {
          "type": "Buffer",
          "data": "WKD6tSbVS8gT44wyYPPQi4zGaaH+8nq/tphPQOZViVE="
        },
        "public": {
          "type": "Buffer",
          "data": "YFI68QWlfzEBdMVwH1snM2sDZe8imBRhXfJoIe535z8="
        }
      },
      "7": {
        "private": {
          "type": "Buffer",
          "data": "MPBIIqdQOW1V5LHuDCxsSMHxkYnDgOx41JFWk4BNcVU="
        },
        "public": {
          "type": "Buffer",
          "data": "BYLp4R2Rk9xVRqHoMRwzRR68/iC8Mzoy7Ru1EgtKjFE="
        }
      },
      "8": {
        "private": {
          "type": "Buffer",
          "data": "MIXXhEbAjyt99CuT3wNDRJYtMJ32NLpDUTCeyVqhXHA="
        },
        "public": {
          "type": "Buffer",
          "data": "8wGeN+Sc3JF4mNgetXdU14aPN/mkmeMJxJOYyFuzfVA="
        }
      },
      "9": {
        "private": {
          "type": "Buffer",
          "data": "IIDJgZjnzBKdNnNUi5H/OhMzDNL7RiM0jDNqtIizCXk="
        },
        "public": {
          "type": "Buffer",
          "data": "blJDX8+CU2yWSBMQzEkW3SDV9B9wJF7cbzMEgniPSGY="
        }
      },
      "10": {
        "private": {
          "type": "Buffer",
          "data": "KLF5JpapCie+9qczSU2Im8Crcz2LOWy4pRpHeyR88Ek="
        },
        "public": {
          "type": "Buffer",
          "data": "E5hQlqDpfAnouUeODqqXoQuKZpH1EvliNayJ1gEZZHU="
        }
      },
      "11": {
        "private": {
          "type": "Buffer",
          "data": "ANRTp3qgjNpZBtU/9lzY3dTlEHeKGK1vU0W9wEtonkM="
        },
        "public": {
          "type": "Buffer",
          "data": "1nzkvLjdC1K3dAyt5e3wU37hvYRh1WtBX/a2pj2NiHM="
        }
      },
      "12": {
        "private": {
          "type": "Buffer",
          "data": "aIJtcV0FFRWkGBtCNvOStz3buddkqIJXlVwPFxgQ/Ww="
        },
        "public": {
          "type": "Buffer",
          "data": "mJtbfZwtsmxEQlfCryW3yeGwseFn5W9vggFQmhS9Sl8="
        }
      },
      "13": {
        "private": {
          "type": "Buffer",
          "data": "aNdh+v6XcPWzXybhhQJF2jxKIvhs4MhHqKyHDkAr51k="
        },
        "public": {
          "type": "Buffer",
          "data": "AKqwkJD+qQOBvdgbObpmldPzDjzAbgCb+uiqF2UguEI="
        }
      },
      "14": {
        "private": {
          "type": "Buffer",
          "data": "wKMdDvWr6xN2p7FFw2roVZrYtyONsM4QXKLgl7lDjXk="
        },
        "public": {
          "type": "Buffer",
          "data": "S3Qed0uBS1gg9Dvy6ssR7KqWPkzDKbKEDSmaLT2yOUk="
        }
      },
      "15": {
        "private": {
          "type": "Buffer",
          "data": "GEsT94pS8cPv9FOuHdizQoM3jYHQ7UPUuQHroh53P3g="
        },
        "public": {
          "type": "Buffer",
          "data": "MnSQVTV0+MfSZENUQJCNkfp9SP7fotZatRKCRsxarF8="
        }
      },
      "16": {
        "private": {
          "type": "Buffer",
          "data": "eMMu8DX4YMG0OaIkzYBGp7rd/qmSTkzbBO+cZOpXeWs="
        },
        "public": {
          "type": "Buffer",
          "data": "k9/JvgeGJZt/WU7t79vRBnuUJf4lh5IHfZTDeKMQm3U="
        }
      },
      "17": {
        "private": {
          "type": "Buffer",
          "data": "OENImsRq3XX/5CGL0K3Ow/oMe3wQn0+PiZc1nSSne0o="
        },
        "public": {
          "type": "Buffer",
          "data": "98t7j7mcQ26Pl0eShFf8DPL2MvZFpextuyfo4pLhuk8="
        }
      },
      "18": {
        "private": {
          "type": "Buffer",
          "data": "+EAl6gG43F03k4lFjAVGflmqxiUG+XrtTB2mShl/j1E="
        },
        "public": {
          "type": "Buffer",
          "data": "tqycG2CBeExeH89Mh01s1GrBCHP4DHP8XHxlYPjIYQM="
        }
      },
      "19": {
        "private": {
          "type": "Buffer",
          "data": "gARHJFGBsA9UpayDbZnHN368mBD8FWBSShgTnkoeZGA="
        },
        "public": {
          "type": "Buffer",
          "data": "D993e9hVtNaviC7Nf0HuCosNPM15Ao+9EwEZlZebbX4="
        }
      },
      "20": {
        "private": {
          "type": "Buffer",
          "data": "8I/b/na/BirHxFq6oP2BG61ZZ8LEY+VwBa4srivto30="
        },
        "public": {
          "type": "Buffer",
          "data": "JlZTltd2ddX4qHfbEgErcw5aQNFsbEBn9ZZCkX0JTVo="
        }
      },
      "21": {
        "private": {
          "type": "Buffer",
          "data": "yKcmh/7UdecEYVtX1GtzsdvGI7eHIHf5je9UqHX+QHQ="
        },
        "public": {
          "type": "Buffer",
          "data": "cIwQTYNVy96ix1gcRF9vne36sWZP4tXtM+x1NM0LRUw="
        }
      },
      "22": {
        "private": {
          "type": "Buffer",
          "data": "EMqNQQW8Ol0hptqRKv0CNwHSLTo8zkI8ZEfDEt/TsVA="
        },
        "public": {
          "type": "Buffer",
          "data": "f+pKE5vnr+qQCQekrlHhevx6LUFtmRbieGlNQZhXzRc="
        }
      },
      "23": {
        "private": {
          "type": "Buffer",
          "data": "2DjH3eeZ+572HoWb6kL3HJZ9LMlR6VUicrthMOS173U="
        },
        "public": {
          "type": "Buffer",
          "data": "mdYrqwd9/SM2LOAk7Sa4pwFHecqwn8tGWc1Wdatd62s="
        }
      },
      "24": {
        "private": {
          "type": "Buffer",
          "data": "6A2yLiHzBxTzJOt8X89msAaC7n+yTkA43iYCZ2p9XW0="
        },
        "public": {
          "type": "Buffer",
          "data": "7Ik1YXe9eCrXhSXI5/fZu7leIYADmyfGBaTioMjrjHE="
        }
      },
      "25": {
        "private": {
          "type": "Buffer",
          "data": "CLQ2LW5rVEdAEITgXNOhL4ezUOccqsZeBWDxD8Nsv2s="
        },
        "public": {
          "type": "Buffer",
          "data": "FTniP+51dXucYOYYs7WjdvXVtd+cHhYfJSOmFN1aMBY="
        }
      },
      "26": {
        "private": {
          "type": "Buffer",
          "data": "mGxidoAO0f4lUumWVo2kibLLpkLvO/ycslEp/MxVqmc="
        },
        "public": {
          "type": "Buffer",
          "data": "V3l76/Rdqs50JGBHrW3eyQMOAIA2+I3Hf029DVOxaxI="
        }
      },
      "27": {
        "private": {
          "type": "Buffer",
          "data": "sEKnhfa/DENp2ZmuXy/FsSMvV/KELxK8uWQPX2kYe1U="
        },
        "public": {
          "type": "Buffer",
          "data": "uk+ciPT3fTKH+Agf5c0SagErknV8sqILdjoYQues3xs="
        }
      },
      "28": {
        "private": {
          "type": "Buffer",
          "data": "cF7UfeB3iKvt/9ASzCQhXAuYc7dn1JfDPlI9C4rnn1s="
        },
        "public": {
          "type": "Buffer",
          "data": "1JqO7Nnkbd/bKwmk8QQ8M6Eay1/+me5y5HeZVXnKqCQ="
        }
      },
      "29": {
        "private": {
          "type": "Buffer",
          "data": "8G8ZxZ4lvgRgVO+y0K0GjhVsNhBT+XeVDzapdnaD11k="
        },
        "public": {
          "type": "Buffer",
          "data": "EtfnSpi4Lfk2aNyHOZoTr66Ihj7Dy8XLeGtCKMP+YVA="
        }
      },
      "30": {
        "private": {
          "type": "Buffer",
          "data": "SN4R+cf0SrF+UIYlmwjU2El779ETyPwAgjv2t+dyFls="
        },
        "public": {
          "type": "Buffer",
          "data": "cQJtaGglChMqJGJxl2uu2RT36pSRGBGsBroMyjalxk8="
        }
      }
    },
    "sessions": {
      "6289509083794.0": {
        "_sessions": {
          "BeRYMY+getXFlm0cXNWJZT7LX8vz8WyJYIdyo8KEm5w2": {
            "registrationId": 55533005,
            "currentRatchet": {
              "ephemeralKeyPair": {
                "pubKey": "BbruU5gdbSf36+QrHSLAMb+1sU5LPxKKJBDU7jjm+Ip6",
                "privKey": "uOnk18aHzexVU7aLop4ZEvAHwYIdypfPn13x0EgJQFo="
              },
              "lastRemoteEphemeralKey": "BW6T5EEFsWkmYHayFTHt73vi0JsO8lHE9D6Dsozfw84c",
              "previousCounter": 0,
              "rootKey": "jbqbUBmA/c3DqEQQ28Ry95eryhNMSFp8Sd1VpKvK2rQ="
            },
            "indexInfo": {
              "baseKey": "BeRYMY+getXFlm0cXNWJZT7LX8vz8WyJYIdyo8KEm5w2",
              "baseKeyType": 2,
              "closed": -1,
              "used": 1655550358754,
              "created": 1655550358754,
              "remoteIdentityKey": "BeEHR47lSAK1eya7klZvLrIPs3U6qMwL/qyW5DJ1SL0Y"
            },
            "_chains": {
              "BW6T5EEFsWkmYHayFTHt73vi0JsO8lHE9D6Dsozfw84c": {
                "chainKey": {
                  "counter": 0,
                  "key": "HgtMzUDH67QHFfaHK9NslGqTSnksymnEpag23zpWBnI="
                },
                "chainType": 2,
                "messageKeys": {}
              },
              "BbruU5gdbSf36+QrHSLAMb+1sU5LPxKKJBDU7jjm+Ip6": {
                "chainKey": {
                  "counter": -1,
                  "key": "DZaLV6IBAFkFMM4qtyy7a6HDJ0tLLf0LXoaIBR7i6aU="
                },
                "chainType": 1,
                "messageKeys": {}
              }
            }
          }
        },
        "version": "v1"
      }
    }
  }
}
