{
  "creds": {
    "noiseKey": {
      "private": {
        "type": "Buffer",
        "data": "WFNCLwyZkjikyyKMGpwbMAOYnEa3LjICNdJK1bkyPHo="
      },
      "public": {
        "type": "Buffer",
        "data": "AS9l6Jwj81PoMuCsECqPCTxGXp9JilFiGHouUDdpOUM="
      }
    },
    "signedIdentityKey": {
      "private": {
        "type": "Buffer",
        "data": "gCEGBoT42PAfebv1RjxHfqgUosm3E4gVqyoT4KhB6Hw="
      },
      "public": {
        "type": "Buffer",
        "data": "q7DKDHeMg/zPanQKvsM+WQALRdjufdIBN09Zwsv7XCc="
      }
    },
    "signedPreKey": {
      "keyPair": {
        "private": {
          "type": "Buffer",
          "data": "MEhjv9mtKn7yrE7GoohtWJV/ZK/Sp2LkPu2N7P0rAXU="
        },
        "public": {
          "type": "Buffer",
          "data": "zi5Wg93y0ikWGvN8iYw91HR1vlSEwBDA2R4/nTGmjV8="
        }
      },
      "signature": {
        "type": "Buffer",
        "data": "FHk0txiG47tTaw23lLwn2D93Tddy7F8wSOGWKz25qXfCExlPvVft2654DAMbtw0g0xleGgzzF/8J9BzywhX8CA=="
      },
      "keyId": 1
    },
    "registrationId": 29,
    "advSecretKey": "suxAGtt7MvSoOpCDKaueeIIAP718cNtjlFHN7Y2PvR4=",
    "nextPreKeyId": 33,
    "firstUnuploadedPreKeyId": 33,
    "serverHasPreKeys": true,
    "account": {
      "details": "CMjiz6oDEKHUtpIGGAE=",
      "accountSignatureKey": "AryEvxez9eDkwLXnHfbP5zVGevhBX58K/CI63A0Y7Rw=",
      "accountSignature": "ZiI2/LHZiIxCdw3NU+ZVdzB4qKUoXmO25Wdo46tRxcELyGdQlg+AeVVY01OonV7E/GPIgFHNxxfGBqDCpYKkCw==",
      "deviceSignature": "XFbl4mTbVEdRP3Lujzt3eZ9mLFhuf91OVXWqTtEmSv0olqEWuinghy47kHLoAvg/o2jVT8jN4yecsgFc/OVOBw=="
    },
    "me": {
      "id": "6281334961360:18@s.whatsapp.net",
      "verifiedName": "",
      "jid": "6281334961360@s.whatsapp.net",
      "name": "𝙋𝙤𝙞𝙗𝙚𝙖𝙧Xyz"
    },
    "signalIdentities": [
      {
        "identifier": {
          "name": "6281334961360:18@s.whatsapp.net",
          "deviceId": 0
        },
        "identifierKey": {
          "type": "Buffer",
          "data": "BQK8hL8Xs/Xg5MC15x32z+c1Rnr4QV+fCvwiOtwNGO0c"
        }
      }
    ],
    "lastAccountSyncTimestamp": 1649256995,
    "myAppStateKeyId": "AAAAAKTe"
  },
  "keys": {
    "preKeys": {
      "1": {
        "private": {
          "type": "Buffer",
          "data": "oH8MK52cQq1Kx3e7WnhIvSxsAwQBpYEVT/3dohAlKXE="
        },
        "public": {
          "type": "Buffer",
          "data": "8A9ndbxECJj6Ewgu3axc4U0D1o+f7WWGs3FQn3IJMA0="
        }
      },
      "2": {
        "private": {
          "type": "Buffer",
          "data": "ePwBZvM2GYIa9M5KPJ64DKQ55pj0ON1irnxNVW+vSU0="
        },
        "public": {
          "type": "Buffer",
          "data": "YLOC0xZ/TiUpHcvzwXOSN0E5po7RRs/e1eIwNgvZDRg="
        }
      },
      "3": null,
      "4": null,
      "5": {
        "private": {
          "type": "Buffer",
          "data": "uOb2LqByKwY7RQ9+jsnet38E2GpJHfS8yyCodqz41l0="
        },
        "public": {
          "type": "Buffer",
          "data": "72LsRQfUhQsassr2+xhWBy7XPqbglywWwqExudSIVGQ="
        }
      },
      "6": null,
      "7": null,
      "8": {
        "private": {
          "type": "Buffer",
          "data": "qJGLy8nhPfNJ6AR/KCcTL6Q5tAkJCAZaFZNhVGjRWHg="
        },
        "public": {
          "type": "Buffer",
          "data": "zzMNtugF5o92cgjwXYfNKs+9qv6YW7dLmGrkstwugBE="
        }
      },
      "9": null,
      "10": {
        "private": {
          "type": "Buffer",
          "data": "QEg8w912zAWNizor8ZaYbvIGx3QUiXzdcfwCG9xKYUA="
        },
        "public": {
          "type": "Buffer",
          "data": "Tg5pZQ4mV/7PCSTi8swK3IzvLFDbHcw+WC4GN7gMYSE="
        }
      },
      "11": null,
      "12": {
        "private": {
          "type": "Buffer",
          "data": "mAUdBBHaYi9G0JRQYhCca1Cv96WGa76sAzUQbbx60Ek="
        },
        "public": {
          "type": "Buffer",
          "data": "2nMLk3+fl4yxhxIq887dBJM/1uLgHzBitLeF6AaqOB0="
        }
      },
      "13": null,
      "14": null,
      "15": null,
      "16": null,
      "17": null,
      "18": {
        "private": {
          "type": "Buffer",
          "data": "CACi6BG5kzL518OLutyVikadtmmZAcTDfh/HtXmEHEg="
        },
        "public": {
          "type": "Buffer",
          "data": "oLnTTzpx74wduITy/iWwZLm3V5McGftaT4nSePyWs30="
        }
      },
      "19": null,
      "20": null,
      "21": {
        "private": {
          "type": "Buffer",
          "data": "UOs/MS8ml6z+LrIaaOLAPCyVkixjLHgCk7i43zDM810="
        },
        "public": {
          "type": "Buffer",
          "data": "W/wCtm3jo7eTsj9ria1PaqRCuOlgea9JJz2NppYEzF8="
        }
      },
      "22": null,
      "23": null,
      "24": {
        "private": {
          "type": "Buffer",
          "data": "YIFAYrbYI+uQ4Hk6Xfehk+CQeYvNCNNqjqWOqMSJxU4="
        },
        "public": {
          "type": "Buffer",
          "data": "7Ure9xGqUESBDhIf0lUJ4Br+IO5p50HU9KIM8q6bmjQ="
        }
      },
      "25": {
        "private": {
          "type": "Buffer",
          "data": "QCNpS+RC6Xvp5NtQ8aChlNNQNflWqdNADOWtKNFygm8="
        },
        "public": {
          "type": "Buffer",
          "data": "i1NZDtfMgPFb6U++8Hs0zDu4MsDdRF2fm+icHbmx9zY="
        }
      },
      "26": {
        "private": {
          "type": "Buffer",
          "data": "OBlzbbxgK2zA6ombq8ypZiBkrb8VFrt2JNJKPKs3MHU="
        },
        "public": {
          "type": "Buffer",
          "data": "RtUSWUgHJCaWr7ELcQoh2OCQpv3Ir8MsQyW/8u42tmI="
        }
      },
      "27": {
        "private": {
          "type": "Buffer",
          "data": "AKx59E4pqIJPLfAghpSHS7AQC1ZEgVCBSmUM6ZLxQ1Q="
        },
        "public": {
          "type": "Buffer",
          "data": "5M0++WewBJngMXbPxGxIGhRcbnFfKsIJ/ID7yo4ayzs="
        }
      },
      "28": {
        "private": {
          "type": "Buffer",
          "data": "sIjhiRrpRpOVKnZCBANhqUEYFnpISXHMAizhtxnoCHg="
        },
        "public": {
          "type": "Buffer",
          "data": "hccy+wOu+92qBDlS6Bh0Htvw3cOAxYjquHMNIPKlfR8="
        }
      },
      "29": null,
      "30": {
        "private": {
          "type": "Buffer",
          "data": "cC8MnN7F3ZDeyry6rbJPGW7axoQeZJZDpfoiznlTdHY="
        },
        "public": {
          "type": "Buffer",
          "data": "uk7fdoLEfGyYYhEHB0AI6Yq/EJoLCCfStbhvGC+fUE0="
        }
      },
      "31": {
        "private": {
          "type": "Buffer",
          "data": "EMWVbpgxZ8ZCmRUXZaM0A9LEsLrmkYC6y36h7TfIWl8="
        },
        "public": {
          "type": "Buffer",
          "data": "aQ23JqnA1ganc7myYJmBiBHxTEzJfC6O/ymGHTbC+3M="
        }
      },
      "32": {
        "private": {
          "type": "Buffer",
          "data": "mFI4Kkf9SKrHqQHXx8o9pjIClV2J/a5BqPxggm+dMWY="
        },
        "public": {
          "type": "Buffer",
          "data": "UXdGApRVWdc4fhr6giU9Mo0bffBgafzTQ27fH2hYuwg="
        }
      }
    },
    "sessions": {
      "6281334961360.0": {
        "_sessions": {
          "BXHQTQnIU4YuSsRzy4KsQVs32T3L1EGkK8yY/dgnqdQt": {
            "registrationId": 265871388,
            "currentRatchet": {
              "ephemeralKeyPair": {
                "pubKey": "Bb8sP2XWK2hXrBfAjXdRjPb+la1DcJwQpw1BvKXRLlZu",
                "privKey": "kNal/h4nMSvePr3hF4aJXWY2r5bNfJ4lHsed2lvBMHE="
              },
              "lastRemoteEphemeralKey": "BeOPxMqIs5Mn6U3NlW8HJTIXjpelQXYYp0rd7pNps3Nk",
              "previousCounter": 0,
              "rootKey": "FxaBta79N+zRcKmtM3w1PVS2Ks4EcEmrHTmPkD9oXko="
            },
            "indexInfo": {
              "baseKey": "BXHQTQnIU4YuSsRzy4KsQVs32T3L1EGkK8yY/dgnqdQt",
              "baseKeyType": 2,
              "closed": -1,
              "used": 1649256997663,
              "created": 1649256997663,
              "remoteIdentityKey": "BQK8hL8Xs/Xg5MC15x32z+c1Rnr4QV+fCvwiOtwNGO0c"
            },
            "_chains": {
              "BeOPxMqIs5Mn6U3NlW8HJTIXjpelQXYYp0rd7pNps3Nk": {
                "chainKey": {
                  "counter": 1,
                  "key": "C8I1AjiFwW8G8NMV3Y+dK5jPI5BG+CrXTtokDrl6Fjs="
                },
                "chainType": 2,
                "messageKeys": {}
              },
              "Bb8sP2XWK2hXrBfAjXdRjPb+la1DcJwQpw1BvKXRLlZu": {
                "chainKey": {
                  "counter": -1,
                  "key": "tJb2hgbS/Vdkfg/lL5h2XcUhwWX+amkyKjSulZZJ62w="
                },
                "chainType": 1,
                "messageKeys": {}
              }
            }
          }
        },
        "version": "v1"
      },
      "6285820146438.0": {
        "_sessions": {
          "BXUu+wVlRUX0GAlTts0Fsnah1cmFDGOdeFMUl0ufYJgL": {
            "registrationId": 822668442,
            "currentRatchet": {
              "ephemeralKeyPair": {
                "pubKey": "BXplxTMSRCnnKerHbvHy/PAnQ8+KTwzhM6w/Z9awXS1n",
                "privKey": "oGM04Ny1rUKTTNhYvKt5GNFvwQGoyN3Ui/aimwXLA1s="
              },
              "lastRemoteEphemeralKey": "BcbD6dlZXF7yhs6rVd4Aho+Nlw65W5XZ+fNvN/hBxuhb",
              "previousCounter": 0,
              "rootKey": "X/oYEqhAN+BjfXh3sDQUoBIH2nVoj6Jm3MBUVbgUPa8="
            },
            "indexInfo": {
              "baseKey": "BXUu+wVlRUX0GAlTts0Fsnah1cmFDGOdeFMUl0ufYJgL",
              "baseKeyType": 2,
              "closed": -1,
              "used": 1649256998125,
              "created": 1649256998125,
              "remoteIdentityKey": "Bdx4lp8hIfkGP1irLj8oBJmsiGyD+UmdgopdiWAGpTUm"
            },
            "_chains": {
              "BcbD6dlZXF7yhs6rVd4Aho+Nlw65W5XZ+fNvN/hBxuhb": {
                "chainKey": {
                  "counter": 0,
                  "key": "CnDOG0q3YuqpkDn4sYWBB4Hv3P0/7FPeYgN2Y0Mmg/M="
                },
                "chainType": 2,
                "messageKeys": {}
              },
              "BXplxTMSRCnnKerHbvHy/PAnQ8+KTwzhM6w/Z9awXS1n": {
                "chainKey": {
                  "counter": -1,
                  "key": "YzW+ZQa2Awy5J8OGOT/LKTz9U5g/hnd3FPhOTIE1pGw="
                },
                "chainType": 1,
                "messageKeys": {}
              }
            }
          }
        },
        "version": "v1"
      },
      "6285848709034.0": {
        "_sessions": {
          "BcdEauw7yq7v7jGokaJ3QdZ2jU0rcvOcq+tyRFkXTz8F": {
            "registrationId": 382729051,
            "currentRatchet": {
              "ephemeralKeyPair": {
                "pubKey": "Baac+6E6Yc0shhF7IdT5Tu+/cjLwcw+XP+sQGBCUSmU0",
                "privKey": "KNThtDgfTSF3FmIAtEZxGpOkg2sJ6MTaTSJFdn+NDEU="
              },
              "lastRemoteEphemeralKey": "BUv6JvJzowOknGH/lEsnaPQ/22GIZLD+s6EtxJR6fPEt",
              "previousCounter": 0,
              "rootKey": "LnWz6VaoGDXPSuIN5puTyMzkeglMGstATiUhLA5O9yU="
            },
            "indexInfo": {
              "baseKey": "BcdEauw7yq7v7jGokaJ3QdZ2jU0rcvOcq+tyRFkXTz8F",
              "baseKeyType": 2,
              "closed": -1,
              "used": 1649256998915,
              "created": 1649256998915,
              "remoteIdentityKey": "BSaunLucteKxMCA+tYTsPBKFnY2UTTb2aaYIC6IOZvh6"
            },
            "_chains": {
              "BUv6JvJzowOknGH/lEsnaPQ/22GIZLD+s6EtxJR6fPEt": {
                "chainKey": {
                  "counter": 0,
                  "key": "x03Db1qejHZVEmBE6gAgleAVHBx9mdG0ILRdu9VaPrE="
                },
                "chainType": 2,
                "messageKeys": {}
              },
              "Baac+6E6Yc0shhF7IdT5Tu+/cjLwcw+XP+sQGBCUSmU0": {
                "chainKey": {
                  "counter": -1,
                  "key": "JvvHmsIEumP2qhBIzD9zf6r3gAe0Dhlviez+PandK9U="
                },
                "chainType": 1,
                "messageKeys": {}
              }
            }
          }
        },
        "version": "v1"
      },
      "6288225020586.0": {
        "_sessions": {
          "BXdeG1OQ5mqB4TiVnYlhZBbp1eLQU1vQjD6VMLRqeDlI": {
            "registrationId": 2014319535,
            "currentRatchet": {
              "ephemeralKeyPair": {
                "pubKey": "BaS8g8Qc/SwYrTnYeIle/bugdM5OusxJ+lzr9cDWXbhh",
                "privKey": "SONSxQri3T1QxMYA0Rv0Of0x2ZLxeCcs/jTZAygp7k4="
              },
              "lastRemoteEphemeralKey": "BekDmQTzo6EXlXc9iGgjKJcFbbLQYHoz9Sk+S7vh6shT",
              "previousCounter": 0,
              "rootKey": "W41H6FAmBpBmAuHdtOxRXYtXniWMCXxoSUYDcVe1zn4="
            },
            "indexInfo": {
              "baseKey": "BXdeG1OQ5mqB4TiVnYlhZBbp1eLQU1vQjD6VMLRqeDlI",
              "baseKeyType": 2,
              "closed": -1,
              "used": 1649257000799,
              "created": 1649257000799,
              "remoteIdentityKey": "BQ2LkqlwjNymVgY0y9AVtZBQxQrNuonG4aGoUOv7s2Yj"
            },
            "_chains": {
              "BekDmQTzo6EXlXc9iGgjKJcFbbLQYHoz9Sk+S7vh6shT": {
                "chainKey": {
                  "counter": 0,
                  "key": "QD6ScMq1pZEtn1ArtM62IPsSBAhkjfqltyCusovi2VM="
                },
                "chainType": 2,
                "messageKeys": {}
              },
              "BaS8g8Qc/SwYrTnYeIle/bugdM5OusxJ+lzr9cDWXbhh": {
                "chainKey": {
                  "counter": -1,
                  "key": "SW5QiVTuGBx0iUrN/clWnGF4p4RnJBZxSV3zr2/unVM="
                },
                "chainType": 1,
                "messageKeys": {}
              }
            }
          }
        },
        "version": "v1"
      },
      "6283852986889.0": {
        "_sessions": {
          "BZYYagogXH0hEXJr3BSdWQW5gS0xx2fKl9Kbj7QFoGVh": {
            "registrationId": 13028118,
            "currentRatchet": {
              "ephemeralKeyPair": {
                "pubKey": "Bfq2QXTnU1oUP4pSwJstSureuVi/HPYfoxe4E8gfM3Io",
                "privKey": "mH9iY3MqAJU6RsVM4gExh8r8RLPXAYuOzQZU1lfzp0g="
              },
              "lastRemoteEphemeralKey": "BSRq9CeNcd0MKw5JM0Q9ppBDN45+WQgQTZUIN+Etyzs4",
              "previousCounter": 0,
              "rootKey": "HcTcab/Sh5aHf8Icp6AMm4joOQiJyaXcqnuNK4LNGfc="
            },
            "indexInfo": {
              "baseKey": "BZYYagogXH0hEXJr3BSdWQW5gS0xx2fKl9Kbj7QFoGVh",
              "baseKeyType": 2,
              "closed": -1,
              "used": 1649257001011,
              "created": 1649257001011,
              "remoteIdentityKey": "BRogWVUY+3wT35ecR3khYXU1bkglMoPjv2jEH/pEqlAF"
            },
            "_chains": {
              "BSRq9CeNcd0MKw5JM0Q9ppBDN45+WQgQTZUIN+Etyzs4": {
                "chainKey": {
                  "counter": 0,
                  "key": "1nJuj1mTN6QIi721X7w1X7TkvggdXT0QdBHuZVMsuNU="
                },
                "chainType": 2,
                "messageKeys": {}
              },
              "Bfq2QXTnU1oUP4pSwJstSureuVi/HPYfoxe4E8gfM3Io": {
                "chainKey": {
                  "counter": -1,
                  "key": "bjl0mMdnuoR5y7jl0QzTx1+oExged/Y6sSF1RL315pA="
                },
                "chainType": 1,
                "messageKeys": {}
              }
            }
          }
        },
        "version": "v1"
      },
      "6288293988508.0": {
        "_sessions": {
          "BSyB9WhASde36I2Nek27yu8AwM5tnPQrjmwi+1+FZ9lt": {
            "registrationId": 915803879,
            "currentRatchet": {
              "ephemeralKeyPair": {
                "pubKey": "BVwwdppuD7LET5h5U1fFdw4kovFcoDJX3X3/9OK2XPs8",
                "privKey": "OEJkx+e0PshIMf1URxUYuSH7hU+Ai+lBjSVkGFjF61E="
              },
              "lastRemoteEphemeralKey": "BeqrE/jNxfbffPf6XAjhrCPB39e7EmKox/u6Gx4wQbtK",
              "previousCounter": 0,
              "rootKey": "FaOjNg4Wys8X0BaB8xT6Pb9Ph9gWORMNNQ6pq3U62h4="
            },
            "indexInfo": {
              "baseKey": "BSyB9WhASde36I2Nek27yu8AwM5tnPQrjmwi+1+FZ9lt",
              "baseKeyType": 2,
              "closed": -1,
              "used": 1649257008226,
              "created": 1649257008226,
              "remoteIdentityKey": "BYQFJv6KU0F4dnJIlL0NXFj9nutFRjidg0w7kuC1bJ1k"
            },
            "_chains": {
              "BeqrE/jNxfbffPf6XAjhrCPB39e7EmKox/u6Gx4wQbtK": {
                "chainKey": {
                  "counter": 0,
                  "key": "HQSlT4x47lnukQWuSuhExpuQXriNM1+rhZiiRfwc5/M="
                },
                "chainType": 2,
                "messageKeys": {}
              },
              "BVwwdppuD7LET5h5U1fFdw4kovFcoDJX3X3/9OK2XPs8": {
                "chainKey": {
                  "counter": -1,
                  "key": "/zx2dQUQR5Vmyz6DStAuMKq0J6oTQi23GnDCi1zFutE="
                },
                "chainType": 1,
                "messageKeys": {}
              }
            }
          }
        },
        "version": "v1"
      },
      "62895422811023.0": {
        "_sessions": {
          "Be68AfSXktpcw4rfJCt4+p4BIkroqOx+CFp5pJu9/nkr": {
            "registrationId": 1600083894,
            "currentRatchet": {
              "ephemeralKeyPair": {
                "pubKey": "BZiua19XgIjWQOrid9QYgLEuolfKk6qpgxZb0QbyM64R",
                "privKey": "QJ4DvnX+smXOm1B6GVTx6ql6VWqrUyhLixkMK1c9Y0A="
              },
              "lastRemoteEphemeralKey": "BXUsT1FQVQZCN5futXVg7T1FLrFH/RGaV3ZRoilo4Idx",
              "previousCounter": 0,
              "rootKey": "2KIGNxPMBqeUdMS/ZXqjPue7nLV9XcQP/ljB/8iomaA="
            },
            "indexInfo": {
              "baseKey": "Be68AfSXktpcw4rfJCt4+p4BIkroqOx+CFp5pJu9/nkr",
              "baseKeyType": 2,
              "closed": -1,
              "used": 1649257008495,
              "created": 1649257008495,
              "remoteIdentityKey": "BfsK8aKQdA93pyaXPT4H+lFWbTc7htpvqr4FMMJ0pM0k"
            },
            "_chains": {
              "BXUsT1FQVQZCN5futXVg7T1FLrFH/RGaV3ZRoilo4Idx": {
                "chainKey": {
                  "counter": 0,
                  "key": "z/sCJ/ehVo1FZ/fNz2WV+hzfZgahfzWYpTYG0Lip6zA="
                },
                "chainType": 2,
                "messageKeys": {}
              },
              "BZiua19XgIjWQOrid9QYgLEuolfKk6qpgxZb0QbyM64R": {
                "chainKey": {
                  "counter": -1,
                  "key": "iP/nFYPrv6a1XiOuPSY38c8372SrBts/SKDvBY6Vws0="
                },
                "chainType": 1,
                "messageKeys": {}
              }
            }
          }
        },
        "version": "v1"
      },
      "6283862500781.0": {
        "_sessions": {
          "BbNOYQET/W57aT5POZhB3EyCZYR9BvbBZ9F4vlbt0A1X": {
            "registrationId": 1899988990,
            "currentRatchet": {
              "ephemeralKeyPair": {
                "pubKey": "BeG044qqnSiJvt/ZxuDCDD1NHfrMZCnlwGC4lAaf3dVP",
                "privKey": "OG32RO3AurdZGnUQx3s5i5CVTSgN5i5TYt7MvT1iWHE="
              },
              "lastRemoteEphemeralKey": "BXTbw+ShbM4W1Xgc04HBJG86hyZTn6wfEHjh6kZ8yZ4t",
              "previousCounter": 0,
              "rootKey": "DhxNzZLb3vmPzvsgrocHuX++PDcati44qFcZHq2ZGU0="
            },
            "indexInfo": {
              "baseKey": "BbNOYQET/W57aT5POZhB3EyCZYR9BvbBZ9F4vlbt0A1X",
              "baseKeyType": 2,
              "closed": -1,
              "used": 1649257009007,
              "created": 1649257009007,
              "remoteIdentityKey": "BS5g3EzF7cbTWiTj5Q6I8Zr5wEt62Gy7b6BOjFK9Wf1s"
            },
            "_chains": {
              "BXTbw+ShbM4W1Xgc04HBJG86hyZTn6wfEHjh6kZ8yZ4t": {
                "chainKey": {
                  "counter": 0,
                  "key": "Zyj0Fn3ivgUp73DslPxbFDrD14hoOW6tpLyV+9jBGb8="
                },
                "chainType": 2,
                "messageKeys": {}
              },
              "BeG044qqnSiJvt/ZxuDCDD1NHfrMZCnlwGC4lAaf3dVP": {
                "chainKey": {
                  "counter": -1,
                  "key": "igQ0x5/VEA2e0Cga0E029KGYLxmgDjYnTUkg6yYiH30="
                },
                "chainType": 1,
                "messageKeys": {}
              }
            }
          }
        },
        "version": "v1"
      },
      "6283865276874.0": {
        "_sessions": {
          "Bbu3/DDC3abOLXD7wtP0sWMjToDgGjo2ogRGD9Q/5rEV": {
            "registrationId": 1677388044,
            "currentRatchet": {
              "ephemeralKeyPair": {
                "pubKey": "BWopjchtMcodPBGne7eo4zSDCLqpJe+EG0QBpfglI7YM",
                "privKey": "4BfGM9BiZbcMzaBjw5rCdxndhhI8dLF3c6/sHlXfxmc="
              },
              "lastRemoteEphemeralKey": "BU3mqxsCTNavWov9AkLTRacJMuy4eyngVEC/p9h9It05",
              "previousCounter": 0,
              "rootKey": "hkDld8b6aZsQhImhvtp0HNS+o3KLMCBVT2wiwBcWsQM="
            },
            "indexInfo": {
              "baseKey": "Bbu3/DDC3abOLXD7wtP0sWMjToDgGjo2ogRGD9Q/5rEV",
              "baseKeyType": 2,
              "closed": -1,
              "used": 1649257010775,
              "created": 1649257010775,
              "remoteIdentityKey": "BQ/pAbbBNDw8LdIhCBKrHTwmuOEfe1DWVAOmjdZBhjZL"
            },
            "_chains": {
              "BU3mqxsCTNavWov9AkLTRacJMuy4eyngVEC/p9h9It05": {
                "chainKey": {
                  "counter": 0,
                  "key": "I5LLxGCAfFN0rC0jVe8pg6Jo3yDg5E3As87r5m04Afw="
                },
                "chainType": 2,
                "messageKeys": {}
              },
              "BWopjchtMcodPBGne7eo4zSDCLqpJe+EG0QBpfglI7YM": {
                "chainKey": {
                  "counter": -1,
                  "key": "SMu9fKzxfIuRJJd+niHh2oo3r2UXfTiJbLkEayGjdd4="
                },
                "chainType": 1,
                "messageKeys": {}
              }
            }
          }
        },
        "version": "v1"
      },
      "6282133697748.0": {
        "_sessions": {
          "BWlOrdgUPKGumKp8F1M94220qSHhnsUYXi7EP9unxdJN": {
            "registrationId": 273703888,
            "currentRatchet": {
              "ephemeralKeyPair": {
                "pubKey": "BQFz1yzJKYaFrcVHXmsAcwZ2AJUGqniUzHSH7ckyeIV3",
                "privKey": "uGEqUOCjGzHFCUnJkKb7nOAn6S4NMpn9OxfmNg4uH0s="
              },
              "lastRemoteEphemeralKey": "BXJXt0XHrbSIxabnRh9Rsky7bnZfNBo+jIKIq1UJ2SNO",
              "previousCounter": 0,
              "rootKey": "mazIKSStV5NcqvZ2abBrcJ5q0gGqW7a+zd6EhmxZ6HQ="
            },
            "indexInfo": {
              "baseKey": "BWlOrdgUPKGumKp8F1M94220qSHhnsUYXi7EP9unxdJN",
              "baseKeyType": 2,
              "closed": -1,
              "used": 1649257010859,
              "created": 1649257010859,
              "remoteIdentityKey": "Bcm58QudWud9SpoTIy7WQfowvMazZx0RIDxnNZgmMrtI"
            },
            "_chains": {
              "BXJXt0XHrbSIxabnRh9Rsky7bnZfNBo+jIKIq1UJ2SNO": {
                "chainKey": {
                  "counter": 0,
                  "key": "kF++A1IFOf+fVbYTHk8jGIKKaXZFNi5EWLVxuzmiRlE="
                },
                "chainType": 2,
                "messageKeys": {}
              },
              "BQFz1yzJKYaFrcVHXmsAcwZ2AJUGqniUzHSH7ckyeIV3": {
                "chainKey": {
                  "counter": -1,
                  "key": "PP5bOoscisJ1AiLIdlURPOHL6mRZMIcSPRGUY4TNl4k="
                },
                "chainType": 1,
                "messageKeys": {}
              }
            }
          }
        },
        "version": "v1"
      },
      "6287897176627.0": {
        "_sessions": {
          "BbVvlRpZvILsOpMayj9sTiE/PBOLDEW4ugXqppV4wpxO": {
            "registrationId": 620650430,
            "currentRatchet": {
              "ephemeralKeyPair": {
                "pubKey": "BcllOMUvDQgfSGoXfiLGe2STupIrHHeU+rw5+6+okHJe",
                "privKey": "OPFEpanzSA6VWkwmgFmktonH1tZmjF3zG7IYO3wSXVA="
              },
              "lastRemoteEphemeralKey": "BchEyhF8eju6uqyIjKN328UGIxplNN2UV1zqRdVznC4P",
              "previousCounter": 0,
              "rootKey": "Ocxy6vD1mzUNGDdebL0QAdiITAWWAN+x0pQyxxIbHRw="
            },
            "indexInfo": {
              "baseKey": "BbVvlRpZvILsOpMayj9sTiE/PBOLDEW4ugXqppV4wpxO",
              "baseKeyType": 2,
              "closed": -1,
              "used": 1649257011006,
              "created": 1649257011006,
              "remoteIdentityKey": "Bf79zo/p/AunJuPqn0iXgODjtcImPnLfO/Kv7azAkAhz"
            },
            "_chains": {
              "BchEyhF8eju6uqyIjKN328UGIxplNN2UV1zqRdVznC4P": {
                "chainKey": {
                  "counter": 0,
                  "key": "LGcgSNZMIoboKoj9cMWlxp9Q4W9V2LFrSHF1Gg/T7n8="
                },
                "chainType": 2,
                "messageKeys": {}
              },
              "BcllOMUvDQgfSGoXfiLGe2STupIrHHeU+rw5+6+okHJe": {
                "chainKey": {
                  "counter": -1,
                  "key": "/DCr7+CwloNHAHjET+HGd9WK/3nA9+ZQHOtNDuAubIQ="
                },
                "chainType": 1,
                "messageKeys": {}
              }
            }
          }
        },
        "version": "v1"
      },
      "6281290608382.0": {
        "_sessions": {
          "BTTKeh0Q9XUSe9iqQbT70ntFHdpq+aAs6fG+puICFSkH": {
            "registrationId": 62121945,
            "currentRatchet": {
              "ephemeralKeyPair": {
                "pubKey": "BQAGFwPPLqy4XxY8bAcKEtYPPNOktvvPZHazoe49GJlX",
                "privKey": "uOzcdGaGEXP/dKPF55FDnDjBpU3p61ei83Z7vGwRfV8="
              },
              "lastRemoteEphemeralKey": "BVaw75S/lpG7IqowG4+nLM5msv+KV6CqpK0S37xz3DFY",
              "previousCounter": 0,
              "rootKey": "9NbrhAKS2VUc5ZbAKd9tKq2Kh6QhyRf3b/7mB+qNJg4="
            },
            "indexInfo": {
              "baseKey": "BTTKeh0Q9XUSe9iqQbT70ntFHdpq+aAs6fG+puICFSkH",
              "baseKeyType": 2,
              "closed": -1,
              "used": 1649257011965,
              "created": 1649257011965,
              "remoteIdentityKey": "BQfkl/IsvaLg6Ay2z9kRMa9bDlqU+7F7VnH1a9ExQUkg"
            },
            "_chains": {
              "BVaw75S/lpG7IqowG4+nLM5msv+KV6CqpK0S37xz3DFY": {
                "chainKey": {
                  "counter": 0,
                  "key": "8oBh3dGHhW6hT7N0YHea4xFNTuCUR0ZUeJooZUCwlbs="
                },
                "chainType": 2,
                "messageKeys": {}
              },
              "BQAGFwPPLqy4XxY8bAcKEtYPPNOktvvPZHazoe49GJlX": {
                "chainKey": {
                  "counter": -1,
                  "key": "t33EXXEcEQJ0IkmtC8gKNnocpxMpfpSa5Hqmla2lAZI="
                },
                "chainType": 1,
                "messageKeys": {}
              }
            }
          }
        },
        "version": "v1"
      },
      "6282132852716.0": {
        "_sessions": {
          "BRKmF9Rb7tbSZDveSkx1ihZPNlvfS1rzebE2+wfca8A7": {
            "registrationId": 845296508,
            "currentRatchet": {
              "ephemeralKeyPair": {
                "pubKey": "BfYq+vbOxd1RlCD0nYfRjTKAlTbjUbYQZ04i2WvsHwh6",
                "privKey": "cJ/+S3RmOENLn5BwUOl17BJadOf4hxp0K9K+De+zxWM="
              },
              "lastRemoteEphemeralKey": "BX9QigYH5d/TReklx4enN9Fq/ltBTYzhYgvjtmIQrFQK",
              "previousCounter": 0,
              "rootKey": "o58yxeMGwBh4tMVSS5rPlfHgRrnXeDj7tFi5nbfwjSo="
            },
            "indexInfo": {
              "baseKey": "BRKmF9Rb7tbSZDveSkx1ihZPNlvfS1rzebE2+wfca8A7",
              "baseKeyType": 2,
              "closed": -1,
              "used": 1649257013156,
              "created": 1649257013156,
              "remoteIdentityKey": "BXslwY4/5yAEhViIfNqaF0e6kT0JgCq4OH8HSlbZRyN9"
            },
            "_chains": {
              "BX9QigYH5d/TReklx4enN9Fq/ltBTYzhYgvjtmIQrFQK": {
                "chainKey": {
                  "counter": 0,
                  "key": "3l0dRzdP0TPfe5awohDtQ3UBgje6GZyEwGB+EV1aMqQ="
                },
                "chainType": 2,
                "messageKeys": {}
              },
              "BfYq+vbOxd1RlCD0nYfRjTKAlTbjUbYQZ04i2WvsHwh6": {
                "chainKey": {
                  "counter": -1,
                  "key": "s5A2BjqYYGuA1B9ZrupN785+4HQHbbwHS+n4sQWYldM="
                },
                "chainType": 1,
                "messageKeys": {}
              }
            }
          }
        },
        "version": "v1"
      },
      "62857129117157.0": {
        "_sessions": {
          "BZUnoEwTGvzB3Y5pCJ2K4iJJ9IzoFb/dhHNsuOR0bKtr": {
            "registrationId": 2043412007,
            "currentRatchet": {
              "ephemeralKeyPair": {
                "pubKey": "BTptob9qbe3fGGd0S4KwFhokawDmMh80xLYwo/BLmw18",
                "privKey": "AJZLj0Ak2BAvdeGhIX2GojNiNEKOjaE597392AC5UGc="
              },
              "lastRemoteEphemeralKey": "BSwbdmE/S4B9Lh81DiWwTGBE7HsfjVwIpZMv9QEky0xd",
              "previousCounter": 0,
              "rootKey": "Q6aazmi8gqQ9/S3KVPhf/V96AZDBtqIFC35fbk63Li8="
            },
            "indexInfo": {
              "baseKey": "BZUnoEwTGvzB3Y5pCJ2K4iJJ9IzoFb/dhHNsuOR0bKtr",
              "baseKeyType": 2,
              "closed": -1,
              "used": 1649257018623,
              "created": 1649257018623,
              "remoteIdentityKey": "BZcHcmAi9WShjd+FKJ9KttG7lBpMIxgYeoMbWCxlPK1/"
            },
            "_chains": {
              "BSwbdmE/S4B9Lh81DiWwTGBE7HsfjVwIpZMv9QEky0xd": {
                "chainKey": {
                  "counter": 1,
                  "key": "9BAVCI7708APnB0BpYSt2f0UugYfyoE8ZSZwOzEOXw0="
                },
                "chainType": 2,
                "messageKeys": {}
              },
              "BTptob9qbe3fGGd0S4KwFhokawDmMh80xLYwo/BLmw18": {
                "chainKey": {
                  "counter": -1,
                  "key": "m3z7ddT3QcVpE7FhTTJkGOwrB+fwhWI5FX1STbMEF6s="
                },
                "chainType": 1,
                "messageKeys": {}
              }
            }
          }
        },
        "version": "v1"
      },
      "6283801276060.0": {
        "_sessions": {
          "BXNClvivg37VbOXvoUFT8luphfkA9rhNPtoimZxN4sRl": {
            "registrationId": 685013030,
            "currentRatchet": {
              "ephemeralKeyPair": {
                "pubKey": "BSFT+YeNsmHBMj46nwbwzhP/R3UQrkGQZPtG9OMfJas6",
                "privKey": "cMVQmdqpb+NFO+726XLnKk8I+CB8xS5tbrTfUMoPwE8="
              },
              "lastRemoteEphemeralKey": "BTQCRIfE+SrMwwrXVb0CR3MVxjlWI0gmg+RwBNgYRWtw",
              "previousCounter": 0,
              "rootKey": "7ivvIyLkl1JuSDqbC2b4vfkRWFHa9888LsPr0zAOpJg="
            },
            "indexInfo": {
              "baseKey": "BXNClvivg37VbOXvoUFT8luphfkA9rhNPtoimZxN4sRl",
              "baseKeyType": 2,
              "closed": -1,
              "used": 1649257020165,
              "created": 1649257020165,
              "remoteIdentityKey": "BXLGyQKMH2WRGT56ECJ6syw0poX5zi97v96vA2H5UDhT"
            },
            "_chains": {
              "BTQCRIfE+SrMwwrXVb0CR3MVxjlWI0gmg+RwBNgYRWtw": {
                "chainKey": {
                  "counter": 0,
                  "key": "ZYfwtxL2ooXmulMw4wjcDSh5Rkv/t6PrLAVoORTLD0Q="
                },
                "chainType": 2,
                "messageKeys": {}
              },
              "BSFT+YeNsmHBMj46nwbwzhP/R3UQrkGQZPtG9OMfJas6": {
                "chainKey": {
                  "counter": -1,
                  "key": "gXJdWWylP2VOYBLaR+ZV5wjhkiUZHGUP4hcQE+XxaA8="
                },
                "chainType": 1,
                "messageKeys": {}
              }
            }
          }
        },
        "version": "v1"
      },
      "6282146092695.0": {
        "_sessions": {
          "BQ/ALh7XSty+U7MBwblL6blQUR3xvJj1inegBtJvXaoh": {
            "registrationId": 882007892,
            "currentRatchet": {
              "ephemeralKeyPair": {
                "pubKey": "BS8OEovPJ4I59/ovpEyuD3hKJ120VaFu5ZZQF3kYqVAm",
                "privKey": "mNjDF3bqD8o3diXqiDLL/Zu8ZIFydIL1acoY7thkll4="
              },
              "lastRemoteEphemeralKey": "BXy0Dpj0kBA65UiL9qmGgKinIvY6tFsx4IZRXDK6uOIX",
              "previousCounter": 0,
              "rootKey": "VBsqtyb/R/ommwKv4ssdtVWxJUfGv00JSWfPphwpsCk="
            },
            "indexInfo": {
              "baseKey": "BQ/ALh7XSty+U7MBwblL6blQUR3xvJj1inegBtJvXaoh",
              "baseKeyType": 2,
              "closed": -1,
              "used": 1649257022042,
              "created": 1649257022042,
              "remoteIdentityKey": "BQBVXrm9XL2x8y53Pp+0kkty0JKO6+sOEtIRB2j8wy0t"
            },
            "_chains": {
              "BXy0Dpj0kBA65UiL9qmGgKinIvY6tFsx4IZRXDK6uOIX": {
                "chainKey": {
                  "counter": 0,
                  "key": "gVCwOTx53OWQdFL/yt/vjS/iJsbbjviBJEoboj8UEDw="
                },
                "chainType": 2,
                "messageKeys": {}
              },
              "BS8OEovPJ4I59/ovpEyuD3hKJ120VaFu5ZZQF3kYqVAm": {
                "chainKey": {
                  "counter": -1,
                  "key": "MiJS74zPNkauw4u3vFt61mImnpt6CxkfGaskheUOkqs="
                },
                "chainType": 1,
                "messageKeys": {}
              }
            }
          }
        },
        "version": "v1"
      }
    },
    "senderKeys": {
      "120363022234253545@g.us::6285820146438::0": [
        {
          "senderKeyId": 987560862,
          "senderChainKey": {
            "iteration": 20,
            "seed": "JlDbvkovTnWfGuGh4woD7qFNgLe6FHFrJSRkrSFVWa8="
          },
          "senderSigningKey": {
            "public": "BZOGbfaWJ1E1yfr+XKfN1oP3XOKLob81uqxZvInUzINa"
          }
        }
      ],
      "120363022234253545@g.us::6285848709034::0": [
        {
          "senderKeyId": 1401578679,
          "senderChainKey": {
            "iteration": 23,
            "seed": "uw52zlXtMlaaMg+e/HA3Gxce2SXQMkmqM50BVTU0GSA="
          },
          "senderSigningKey": {
            "public": "BVL2jbjbQeG374dtic8lvtklECFAQYzyrc76DOMYSfIt"
          }
        }
      ],
      "6285718991316-1594874043@g.us::6288225020586::0": [
        {
          "senderKeyId": 1209484846,
          "senderChainKey": {
            "iteration": 2,
            "seed": "ejaBl8HjsfGObbsIzpqRAVw74g8uE4Ytdj6kpGgGb9o="
          },
          "senderSigningKey": {
            "public": "BV/9RZiKCUpgk2W9fK4mpFC0uBxB1GFPv12wop87VaEz"
          }
        }
      ],
      "6285718991316-1594874043@g.us::6288293988508::0": [
        {
          "senderKeyId": 1806125138,
          "senderChainKey": {
            "iteration": 19,
            "seed": "3OClXXzLRd9mHYOoLZqHr/cM9jVe00xuAeoInBBy62Y="
          },
          "senderSigningKey": {
            "public": "BXUqstEDAhdQyK5OsAtYicbwuULMx0FiCUEbD0cYqxRz"
          }
        }
      ],
      "120363022234253545@g.us::62895422811023::0": [
        {
          "senderKeyId": 1848375407,
          "senderChainKey": {
            "iteration": 3,
            "seed": "1K9Kkq2Vk8YEQDvANInG9tU29iRJ7rBvxaeyYLHSbB4="
          },
          "senderSigningKey": {
            "public": "BSIZIKHJYo+AUBakFljdL6Ji69XGVzshU0NPSvcfdeZx"
          }
        }
      ],
      "6283829756773-1632064749@g.us::6283862500781::0": [
        {
          "senderKeyId": 2044313786,
          "senderChainKey": {
            "iteration": 2,
            "seed": "qEUvPN+kd+yTQ8E8Q/aNnb4xzllFyzbN7OmeuwrY8I4="
          },
          "senderSigningKey": {
            "public": "BTs7XkhiRrR2kbGNmk7K0EUwpl1ixcIY97wpGB0rp0Ng"
          }
        }
      ],
      "120363022234253545@g.us::6283865276874::0": [
        {
          "senderKeyId": 1819935045,
          "senderChainKey": {
            "iteration": 25,
            "seed": "zxMszMQ0lJUswr5Kr2Gg7aH5FUbnKrcpYmXRRMOJ/dE="
          },
          "senderSigningKey": {
            "public": "BYQzevSXvLJwlaB68YaCtvppQyOMjRYxLUpZxj3fH6hK"
          }
        }
      ],
      "120363022234253545@g.us::6282133697748::0": [
        {
          "senderKeyId": 1454047497,
          "senderChainKey": {
            "iteration": 9,
            "seed": "o6o9oCffunaxFngeA4q6Yhzs3cYtoRxIgkgyD5Vnn/8="
          },
          "senderSigningKey": {
            "public": "BTxQtwlfhcX8BbTSzBjbmRORR8DvQTYITj9ZbK+Hb/sD"
          }
        }
      ],
      "6283829756773-1632064749@g.us::6287897176627::0": [
        {
          "senderKeyId": 4316899,
          "senderChainKey": {
            "iteration": 2,
            "seed": "moe7lYn70GgQd4k+OLj0sEbkxSaYwuOeTilBqutACwU="
          },
          "senderSigningKey": {
            "public": "BZpaz7oVyd2fpdG+vwiDtmsJRnOXFuEPFJEKZVz3Nh83"
          }
        }
      ],
      "6283829756773-1632064749@g.us::6281290608382::0": [
        {
          "senderKeyId": 586433236,
          "senderChainKey": {
            "iteration": 9,
            "seed": "ElXubMv6n01rwPXYtCQz848187xpWkRT9WSAvackS6c="
          },
          "senderSigningKey": {
            "public": "BY0EQfHIvRt2QezahiTDV5eb4MalF77nVU59H8Ua2hUm"
          }
        }
      ],
      "6289655543346-1603664599@g.us::6282132852716::0": [
        {
          "senderKeyId": 1377376021,
          "senderChainKey": {
            "iteration": 8,
            "seed": "lG8MJYjqGk9qNIBzdtEpn9falMfPX+1SaHhgNYgf51s="
          },
          "senderSigningKey": {
            "public": "BRjgIWIgQlyA0n1e7Sgerd4zDcTZ6QHtvsT97rEUoQB+"
          }
        }
      ],
      "120363022234253545@g.us::62857129117157::0": [
        {
          "senderKeyId": 1733532213,
          "senderChainKey": {
            "iteration": 154,
            "seed": "RT5B6yqgcLmVux0q4zv5wlCTqi2D/qJCM82UZchySj8="
          },
          "senderSigningKey": {
            "public": "BSkSu5mYPSQOyJjOjUd4VQw+k0rT1OHigWPVOn6ZMEQl"
          }
        }
      ],
      "120363040483057550@g.us::6283801276060::0": [
        {
          "senderKeyId": 1459606667,
          "senderChainKey": {
            "iteration": 1,
            "seed": "okDUkHLzfWRtzw/3MGYj8BCX6iNtWBuO2ZcjKnd8N88="
          },
          "senderSigningKey": {
            "public": "BflR8kt6D1Po8qb9x4TdntUF/WZgB9CuuSy8hbCL/QcR"
          }
        }
      ]
    },
    "appStateSyncKeys": {
      "AAAAAKTj": {
        "keyData": "3QYyhpRqL+MBpQ661hEEqTvtfFfghWk2hWmf2gSIGFA=",
        "fingerprint": {
          "rawId": 894693703,
          "currentIndex": 3,
          "deviceIndexes": [
            0,
            2,
            3
          ]
        },
        "timestamp": "1649256870438"
      },
      "AAAAAKTk": {
        "keyData": "4G1SJggGYYTyaVWJfuDIEACmrxB9aBbd9dc1T9QKhnU=",
        "fingerprint": {
          "rawId": 894693703,
          "currentIndex": 3,
          "deviceIndexes": [
            0,
            3
          ]
        },
        "timestamp": "1649256874419"
      },
      "AAAAAKTh": {
        "keyData": "PFF29EGfa4M0cNHgllSnsB1+ZoB16mFJ+InOkrNnzCk=",
        "fingerprint": {
          "rawId": 894693702,
          "currentIndex": 4,
          "deviceIndexes": [
            0,
            4
          ]
        },
        "timestamp": "0"
      },
      "AAAAAKTi": {
        "keyData": "gF1jWzP5UZfv/tNO5VadFLQAHPGibakELSPGk+MElfI=",
        "fingerprint": {
          "rawId": 894693703,
          "currentIndex": 1,
          "deviceIndexes": [
            0,
            1
          ]
        },
        "timestamp": "0"
      },
      "AAAAAKTf": {
        "keyData": "X6SjNrmYYXvVHYKvde2ZpUwDoSBQjU3itLM82ENyipc=",
        "fingerprint": {
          "rawId": 894693702,
          "currentIndex": 4,
          "deviceIndexes": [
            0,
            2,
            3,
            4
          ]
        },
        "timestamp": "1648913216005"
      },
      "AAAAAKTg": {
        "keyData": "fE7aBAVrqngMeHPDwkf3UkAlrcl3VkRJtQkrOZNnY3A=",
        "fingerprint": {
          "rawId": 894693702,
          "currentIndex": 4,
          "deviceIndexes": [
            0,
            3,
            4
          ]
        },
        "timestamp": "1648913219366"
      },
      "AAAAAKTd": {
        "keyData": "rqcME308wKUxGc2K1Y3zSh4r2iXOxSBviKPdEkYhHvc=",
        "fingerprint": {
          "rawId": 894693701,
          "currentIndex": 1,
          "deviceIndexes": [
            0,
            1
          ]
        },
        "timestamp": "0"
      },
      "AAAAAKTe": {
        "keyData": "gAU9uVilf7s0Q8Bquiegvb1S0EitjUCAwJgCkTw24BE=",
        "fingerprint": {
          "rawId": 894693702,
          "currentIndex": 3,
          "deviceIndexes": [
            0,
            1,
            2,
            3
          ]
        },
        "timestamp": "0"
      }
    }
  }
}
